,support,itemsets
0,5,"['com.obs.lcl.blmodule.helpers.InstaEventCountsTask:<NUM> - START - ConcurrentTask', 'com.obs.lcl.blmodule.helpers.InstaEventCountsTask:<NUM> - END - ConcurrentTask [<NUM>]']"
1,4,"['com.obs.lcl.blmodule.helpers.LastMetricsIngestionTSTask:<NUM> - START - ConcurrentTask', 'com.obs.lcl.blmodule.helpers.LastMetricsIngestionTSTask:<NUM> - END - ConcurrentTask [<NUM>]']"
2,2,"['runtime - Request received for endpoint: [lcl/api/v1/alert/list]', 'api/v1/alert/list - Request START -- [<NUM>.<NUM>.<NUM>.<NUM>][lcl/api/v1/alert/list][en_US][<NUM>]']"
3,2,"['com.obs.lcl.blmodule.helpers.LastMetricsIngestionTSTask:<NUM> - START - ConcurrentTask', 'com.obs.lcl.blmodule.helpers.LastMetricsIngestionTSTask:<NUM> - END - ConcurrentTask [<NUM>]', 'com.obs.lcl.blmodule.helpers.LastMetricsIngestionTSTask:<NUM> - END - ConcurrentTask [<NUM>]', 'com.obs.lcl.blmodule.helpers.InstaUptimeTask:<NUM> - START - ConcurrentTask', 'com.obs.lcl.blmodule.helpers.InstaUptimeTask:<NUM> - with uptime_range as (', 'com.obs.lcl.blmodule.helpers.InstaUptimeTask:<NUM> - END - ConcurrentTask [<NUM>]']"
4,2,"['com.obs.lcl.blmodule.helpers.LastMetricsIngestionTSTask:<NUM> - START - ConcurrentTask', 'com.obs.lcl.blmodule.helpers.LastMetricsIngestionTSTask:<NUM> - END - ConcurrentTask [<NUM>]', 'com.obs.lcl.blmodule.helpers.LastMetricsIngestionTSTask:<NUM> - START - ConcurrentTask', 'com.obs.lcl.blmodule.helpers.LastMetricsIngestionTSTask:<NUM> - END - ConcurrentTask [<NUM>]', 'com.obs.lcl.blmodule.helpers.InstaUptimeTask:<NUM> - END - ConcurrentTask [<NUM>]']"
5,2,"['com.obs.lcl.blmodule.helpers.LastMetricsIngestionTSTask:<NUM> - START - ConcurrentTask', 'com.obs.lcl.blmodule.helpers.LastMetricsIngestionTSTask:<NUM> - END - ConcurrentTask [<NUM>]', 'com.obs.lcl.blmodule.helpers.LastMetricsIngestionTSTask:<NUM> - START - ConcurrentTask', 'com.obs.lcl.blmodule.helpers.InstaUptimeTask:<NUM> - START - ConcurrentTask']"
6,2,"['com.obs.lcl.blmodule.helpers.LastMetricsIngestionTSTask:<NUM> - START - ConcurrentTask', 'com.obs.lcl.blmodule.helpers.LastMetricsIngestionTSTask:<NUM> - END - ConcurrentTask [<NUM>]', 'com.obs.lcl.blmodule.helpers.LastMetricsIngestionTSTask:<NUM> - START - ConcurrentTask', 'com.obs.lcl.blmodule.helpers.InstaUptimeTask:<NUM> - START - ConcurrentTask', 'com.obs.lcl.blmodule.helpers.InstaUptimeTask:<NUM> - with uptime_range as (']"
7,2,"['com.obs.lcl.blmodule.helpers.LastMetricsIngestionTSTask:<NUM> - START - ConcurrentTask', 'com.obs.lcl.blmodule.helpers.LastMetricsIngestionTSTask:<NUM> - END - ConcurrentTask [<NUM>]', 'com.obs.lcl.blmodule.helpers.LastMetricsIngestionTSTask:<NUM> - START - ConcurrentTask', 'com.obs.lcl.blmodule.helpers.InstaUptimeTask:<NUM> - START - ConcurrentTask', 'com.obs.lcl.blmodule.helpers.InstaUptimeTask:<NUM> - with uptime_range as (', 'com.obs.lcl.blmodule.helpers.InstaUptimeTask:<NUM> - END - ConcurrentTask [<NUM>]']"
8,2,"['com.obs.lcl.blmodule.helpers.LastMetricsIngestionTSTask:<NUM> - START - ConcurrentTask', 'com.obs.lcl.blmodule.helpers.LastMetricsIngestionTSTask:<NUM> - END - ConcurrentTask [<NUM>]', 'com.obs.lcl.blmodule.helpers.LastMetricsIngestionTSTask:<NUM> - START - ConcurrentTask', 'com.obs.lcl.blmodule.helpers.InstaUptimeTask:<NUM> - START - ConcurrentTask', 'com.obs.lcl.blmodule.helpers.InstaUptimeTask:<NUM> - END - ConcurrentTask [<NUM>]']"
9,2,"['com.obs.lcl.blmodule.helpers.LastMetricsIngestionTSTask:<NUM> - START - ConcurrentTask', 'com.obs.lcl.blmodule.helpers.LastMetricsIngestionTSTask:<NUM> - END - ConcurrentTask [<NUM>]', 'com.obs.lcl.blmodule.helpers.LastMetricsIngestionTSTask:<NUM> - START - ConcurrentTask', 'com.obs.lcl.blmodule.helpers.InstaUptimeTask:<NUM> - with uptime_range as (']"
10,2,"['com.obs.lcl.blmodule.helpers.LastMetricsIngestionTSTask:<NUM> - START - ConcurrentTask', 'com.obs.lcl.blmodule.helpers.LastMetricsIngestionTSTask:<NUM> - END - ConcurrentTask [<NUM>]', 'com.obs.lcl.blmodule.helpers.LastMetricsIngestionTSTask:<NUM> - START - ConcurrentTask', 'com.obs.lcl.blmodule.helpers.InstaUptimeTask:<NUM> - with uptime_range as (', 'com.obs.lcl.blmodule.helpers.InstaUptimeTask:<NUM> - END - ConcurrentTask [<NUM>]']"
11,2,"['com.obs.lcl.blmodule.helpers.LastMetricsIngestionTSTask:<NUM> - START - ConcurrentTask', 'com.obs.lcl.blmodule.helpers.LastMetricsIngestionTSTask:<NUM> - END - ConcurrentTask [<NUM>]', 'com.obs.lcl.blmodule.helpers.LastMetricsIngestionTSTask:<NUM> - START - ConcurrentTask', 'com.obs.lcl.blmodule.helpers.InstaUptimeTask:<NUM> - END - ConcurrentTask [<NUM>]']"
12,2,"['com.obs.lcl.blmodule.helpers.LastMetricsIngestionTSTask:<NUM> - START - ConcurrentTask', 'com.obs.lcl.blmodule.helpers.LastMetricsIngestionTSTask:<NUM> - END - ConcurrentTask [<NUM>]', 'com.obs.lcl.blmodule.helpers.LastMetricsIngestionTSTask:<NUM> - END - ConcurrentTask [<NUM>]']"
13,2,"['com.obs.lcl.blmodule.helpers.LastMetricsIngestionTSTask:<NUM> - START - ConcurrentTask', 'com.obs.lcl.blmodule.helpers.LastMetricsIngestionTSTask:<NUM> - END - ConcurrentTask [<NUM>]', 'com.obs.lcl.blmodule.helpers.LastMetricsIngestionTSTask:<NUM> - END - ConcurrentTask [<NUM>]', 'com.obs.lcl.blmodule.helpers.InstaUptimeTask:<NUM> - START - ConcurrentTask']"
14,2,"['com.obs.lcl.blmodule.helpers.LastMetricsIngestionTSTask:<NUM> - START - ConcurrentTask', 'com.obs.lcl.blmodule.helpers.LastMetricsIngestionTSTask:<NUM> - END - ConcurrentTask [<NUM>]', 'com.obs.lcl.blmodule.helpers.LastMetricsIngestionTSTask:<NUM> - END - ConcurrentTask [<NUM>]', 'com.obs.lcl.blmodule.helpers.InstaUptimeTask:<NUM> - START - ConcurrentTask', 'com.obs.lcl.blmodule.helpers.InstaUptimeTask:<NUM> - with uptime_range as (']"
15,2,"['com.obs.lcl.blmodule.helpers.LastMetricsIngestionTSTask:<NUM> - START - ConcurrentTask', 'com.obs.lcl.blmodule.helpers.LastMetricsIngestionTSTask:<NUM> - END - ConcurrentTask [<NUM>]', 'com.obs.lcl.blmodule.helpers.LastMetricsIngestionTSTask:<NUM> - END - ConcurrentTask [<NUM>]', 'com.obs.lcl.blmodule.helpers.InstaUptimeTask:<NUM> - START - ConcurrentTask', 'com.obs.lcl.blmodule.helpers.InstaUptimeTask:<NUM> - END - ConcurrentTask [<NUM>]']"
16,2,"['com.obs.lcl.blmodule.helpers.LastMetricsIngestionTSTask:<NUM> - START - ConcurrentTask', 'com.obs.lcl.blmodule.helpers.LastMetricsIngestionTSTask:<NUM> - END - ConcurrentTask [<NUM>]', 'com.obs.lcl.blmodule.helpers.LastMetricsIngestionTSTask:<NUM> - START - ConcurrentTask', 'com.obs.lcl.blmodule.helpers.LastMetricsIngestionTSTask:<NUM> - END - ConcurrentTask [<NUM>]', 'com.obs.lcl.blmodule.helpers.InstaUptimeTask:<NUM> - with uptime_range as (']"
17,2,"['com.obs.lcl.blmodule.helpers.LastMetricsIngestionTSTask:<NUM> - START - ConcurrentTask', 'com.obs.lcl.blmodule.helpers.LastMetricsIngestionTSTask:<NUM> - END - ConcurrentTask [<NUM>]', 'com.obs.lcl.blmodule.helpers.LastMetricsIngestionTSTask:<NUM> - END - ConcurrentTask [<NUM>]', 'com.obs.lcl.blmodule.helpers.InstaUptimeTask:<NUM> - with uptime_range as (']"
18,2,"['com.obs.lcl.blmodule.helpers.LastMetricsIngestionTSTask:<NUM> - START - ConcurrentTask', 'com.obs.lcl.blmodule.helpers.LastMetricsIngestionTSTask:<NUM> - END - ConcurrentTask [<NUM>]', 'com.obs.lcl.blmodule.helpers.LastMetricsIngestionTSTask:<NUM> - END - ConcurrentTask [<NUM>]', 'com.obs.lcl.blmodule.helpers.InstaUptimeTask:<NUM> - with uptime_range as (', 'com.obs.lcl.blmodule.helpers.InstaUptimeTask:<NUM> - END - ConcurrentTask [<NUM>]']"
19,2,"['com.obs.lcl.blmodule.helpers.LastMetricsIngestionTSTask:<NUM> - START - ConcurrentTask', 'com.obs.lcl.blmodule.helpers.LastMetricsIngestionTSTask:<NUM> - END - ConcurrentTask [<NUM>]', 'com.obs.lcl.blmodule.helpers.LastMetricsIngestionTSTask:<NUM> - END - ConcurrentTask [<NUM>]', 'com.obs.lcl.blmodule.helpers.InstaUptimeTask:<NUM> - END - ConcurrentTask [<NUM>]']"
20,2,"['com.obs.lcl.blmodule.helpers.LastMetricsIngestionTSTask:<NUM> - START - ConcurrentTask', 'com.obs.lcl.blmodule.helpers.LastMetricsIngestionTSTask:<NUM> - END - ConcurrentTask [<NUM>]', 'com.obs.lcl.blmodule.helpers.InstaUptimeTask:<NUM> - START - ConcurrentTask']"
21,2,"['com.obs.lcl.blmodule.helpers.LastMetricsIngestionTSTask:<NUM> - START - ConcurrentTask', 'com.obs.lcl.blmodule.helpers.LastMetricsIngestionTSTask:<NUM> - END - ConcurrentTask [<NUM>]', 'com.obs.lcl.blmodule.helpers.InstaUptimeTask:<NUM> - START - ConcurrentTask', 'com.obs.lcl.blmodule.helpers.InstaUptimeTask:<NUM> - with uptime_range as (']"
22,2,"['com.obs.lcl.blmodule.helpers.LastMetricsIngestionTSTask:<NUM> - START - ConcurrentTask', 'com.obs.lcl.blmodule.helpers.LastMetricsIngestionTSTask:<NUM> - END - ConcurrentTask [<NUM>]', 'com.obs.lcl.blmodule.helpers.InstaUptimeTask:<NUM> - START - ConcurrentTask', 'com.obs.lcl.blmodule.helpers.InstaUptimeTask:<NUM> - with uptime_range as (', 'com.obs.lcl.blmodule.helpers.InstaUptimeTask:<NUM> - END - ConcurrentTask [<NUM>]']"
23,2,"['com.obs.lcl.blmodule.helpers.LastMetricsIngestionTSTask:<NUM> - START - ConcurrentTask', 'com.obs.lcl.blmodule.helpers.LastMetricsIngestionTSTask:<NUM> - END - ConcurrentTask [<NUM>]', 'com.obs.lcl.blmodule.helpers.InstaUptimeTask:<NUM> - START - ConcurrentTask', 'com.obs.lcl.blmodule.helpers.InstaUptimeTask:<NUM> - END - ConcurrentTask [<NUM>]']"
24,2,"['com.obs.lcl.blmodule.helpers.LastMetricsIngestionTSTask:<NUM> - START - ConcurrentTask', 'com.obs.lcl.blmodule.helpers.LastMetricsIngestionTSTask:<NUM> - END - ConcurrentTask [<NUM>]', 'com.obs.lcl.blmodule.helpers.InstaUptimeTask:<NUM> - with uptime_range as (']"
25,2,"['com.obs.lcl.blmodule.helpers.LastMetricsIngestionTSTask:<NUM> - START - ConcurrentTask', 'com.obs.lcl.blmodule.helpers.LastMetricsIngestionTSTask:<NUM> - END - ConcurrentTask [<NUM>]', 'com.obs.lcl.blmodule.helpers.InstaUptimeTask:<NUM> - with uptime_range as (', 'com.obs.lcl.blmodule.helpers.InstaUptimeTask:<NUM> - END - ConcurrentTask [<NUM>]']"
26,2,"['com.obs.lcl.blmodule.helpers.LastMetricsIngestionTSTask:<NUM> - START - ConcurrentTask', 'com.obs.lcl.blmodule.helpers.LastMetricsIngestionTSTask:<NUM> - END - ConcurrentTask [<NUM>]', 'com.obs.lcl.blmodule.helpers.InstaUptimeTask:<NUM> - END - ConcurrentTask [<NUM>]']"
27,2,"['com.obs.lcl.blmodule.helpers.LastMetricsIngestionTSTask:<NUM> - START - ConcurrentTask', 'com.obs.lcl.blmodule.helpers.LastMetricsIngestionTSTask:<NUM> - START - ConcurrentTask']"
28,2,"['com.obs.lcl.blmodule.helpers.LastMetricsIngestionTSTask:<NUM> - START - ConcurrentTask', 'com.obs.lcl.blmodule.helpers.LastMetricsIngestionTSTask:<NUM> - END - ConcurrentTask [<NUM>]', 'com.obs.lcl.blmodule.helpers.LastMetricsIngestionTSTask:<NUM> - START - ConcurrentTask', 'com.obs.lcl.blmodule.helpers.LastMetricsIngestionTSTask:<NUM> - END - ConcurrentTask [<NUM>]', 'com.obs.lcl.blmodule.helpers.InstaUptimeTask:<NUM> - with uptime_range as (', 'com.obs.lcl.blmodule.helpers.InstaUptimeTask:<NUM> - END - ConcurrentTask [<NUM>]']"
29,2,"['com.obs.lcl.blmodule.helpers.LastMetricsIngestionTSTask:<NUM> - START - ConcurrentTask', 'com.obs.lcl.blmodule.helpers.LastMetricsIngestionTSTask:<NUM> - END - ConcurrentTask [<NUM>]', 'com.obs.lcl.blmodule.helpers.LastMetricsIngestionTSTask:<NUM> - START - ConcurrentTask', 'com.obs.lcl.blmodule.helpers.LastMetricsIngestionTSTask:<NUM> - END - ConcurrentTask [<NUM>]', 'com.obs.lcl.blmodule.helpers.InstaUptimeTask:<NUM> - START - ConcurrentTask', 'com.obs.lcl.blmodule.helpers.InstaUptimeTask:<NUM> - END - ConcurrentTask [<NUM>]']"
30,2,"['runtime - Request received for endpoint: [lcl/api/v1/alert/list]', 'api/v1/alert/list - Request START -- [<NUM>.<NUM>.<NUM>.<NUM>][lcl/api/v1/alert/list][en_US][<NUM>]', 'api/v1/alert/list - Checking user authz']"
31,2,"['com.obs.lcl.blmodule.helpers.LastMetricsIngestionTSTask:<NUM> - START - ConcurrentTask', 'com.obs.lcl.blmodule.helpers.LastMetricsIngestionTSTask:<NUM> - END - ConcurrentTask [<NUM>]', 'com.obs.lcl.blmodule.helpers.LastMetricsIngestionTSTask:<NUM> - START - ConcurrentTask', 'com.obs.lcl.blmodule.helpers.LastMetricsIngestionTSTask:<NUM> - END - ConcurrentTask [<NUM>]', 'com.obs.lcl.blmodule.helpers.InstaUptimeTask:<NUM> - START - ConcurrentTask', 'com.obs.lcl.blmodule.helpers.InstaUptimeTask:<NUM> - with uptime_range as (', 'com.obs.lcl.blmodule.helpers.InstaUptimeTask:<NUM> - END - ConcurrentTask [<NUM>]']"
32,2,"['api/v1/alert/list - reading input - payload, query params and path vars', 'api/v1/alert/list - performing input validation', 'api/v1/alert/list - generating output', 'api/v1/alert/list - Request END -- [<NUM>]']"
33,2,"['api/v1/alert/list - reading input - payload, query params and path vars', 'api/v1/alert/list - performing input validation', 'api/v1/alert/list - Request END -- [<NUM>]']"
34,2,"['api/v1/alert/list - reading input - payload, query params and path vars', 'api/v1/alert/list - generating output']"
35,2,"['api/v1/alert/list - reading input - payload, query params and path vars', 'api/v1/alert/list - generating output', 'api/v1/alert/list - Request END -- [<NUM>]']"
36,2,"['api/v1/alert/list - reading input - payload, query params and path vars', 'api/v1/alert/list - Request END -- [<NUM>]']"
37,2,"['api/v1/alert/list - performing input validation', 'api/v1/alert/list - generating output']"
38,2,"['api/v1/alert/list - performing input validation', 'api/v1/alert/list - generating output', 'api/v1/alert/list - Request END -- [<NUM>]']"
39,2,"['api/v1/alert/list - performing input validation', 'api/v1/alert/list - Request END -- [<NUM>]']"
40,2,"['api/v1/alert/list - generating output', 'api/v1/alert/list - Request END -- [<NUM>]']"
41,2,"['runtime - Request Not Supported', 'runtime - Request END -- [<NUM>]']"
42,2,"['com.obs.lcl.blmodule.helpers.InstaEventCountsTask:<NUM> - START - ConcurrentTask', 'com.obs.lcl.blmodule.helpers.InstaEventCountsTask:<NUM> - END - ConcurrentTask [<NUM>]', 'com.obs.lcl.blmodule.helpers.LastMetricsIngestionTSTask:<NUM> - START - ConcurrentTask']"
43,2,"['com.obs.lcl.blmodule.helpers.InstaEventCountsTask:<NUM> - START - ConcurrentTask', 'com.obs.lcl.blmodule.helpers.InstaEventCountsTask:<NUM> - END - ConcurrentTask [<NUM>]', 'com.obs.lcl.blmodule.helpers.LastMetricsIngestionTSTask:<NUM> - START - ConcurrentTask', 'com.obs.lcl.blmodule.helpers.LastMetricsIngestionTSTask:<NUM> - END - ConcurrentTask [<NUM>]']"
44,2,"['com.obs.lcl.blmodule.helpers.InstaEventCountsTask:<NUM> - START - ConcurrentTask', 'com.obs.lcl.blmodule.helpers.InstaEventCountsTask:<NUM> - END - ConcurrentTask [<NUM>]', 'com.obs.lcl.blmodule.helpers.LastMetricsIngestionTSTask:<NUM> - END - ConcurrentTask [<NUM>]']"
45,2,"['com.obs.lcl.blmodule.helpers.InstaEventCountsTask:<NUM> - START - ConcurrentTask', 'com.obs.lcl.blmodule.helpers.LastMetricsIngestionTSTask:<NUM> - START - ConcurrentTask']"
46,2,"['com.obs.lcl.blmodule.helpers.InstaEventCountsTask:<NUM> - START - ConcurrentTask', 'com.obs.lcl.blmodule.helpers.LastMetricsIngestionTSTask:<NUM> - START - ConcurrentTask', 'com.obs.lcl.blmodule.helpers.LastMetricsIngestionTSTask:<NUM> - END - ConcurrentTask [<NUM>]']"
47,2,"['com.obs.lcl.blmodule.helpers.InstaEventCountsTask:<NUM> - START - ConcurrentTask', 'com.obs.lcl.blmodule.helpers.LastMetricsIngestionTSTask:<NUM> - END - ConcurrentTask [<NUM>]']"
48,2,"['com.obs.lcl.blmodule.helpers.InstaEventCountsTask:<NUM> - END - ConcurrentTask [<NUM>]', 'com.obs.lcl.blmodule.helpers.LastMetricsIngestionTSTask:<NUM> - START - ConcurrentTask']"
49,2,"['com.obs.lcl.blmodule.helpers.InstaEventCountsTask:<NUM> - END - ConcurrentTask [<NUM>]', 'com.obs.lcl.blmodule.helpers.LastMetricsIngestionTSTask:<NUM> - START - ConcurrentTask', 'com.obs.lcl.blmodule.helpers.LastMetricsIngestionTSTask:<NUM> - END - ConcurrentTask [<NUM>]']"
50,2,"['com.obs.lcl.blmodule.helpers.InstaEventCountsTask:<NUM> - END - ConcurrentTask [<NUM>]', 'com.obs.lcl.blmodule.helpers.LastMetricsIngestionTSTask:<NUM> - END - ConcurrentTask [<NUM>]']"
51,2,"['com.obs.lcl.blmodule.helpers.LastMetricsIngestionTSTask:<NUM> - START - ConcurrentTask', 'com.obs.lcl.blmodule.helpers.LastMetricsIngestionTSTask:<NUM> - END - ConcurrentTask [<NUM>]', 'com.obs.lcl.blmodule.helpers.LastMetricsIngestionTSTask:<NUM> - START - ConcurrentTask']"
52,2,"['com.obs.lcl.blmodule.helpers.LastMetricsIngestionTSTask:<NUM> - START - ConcurrentTask', 'com.obs.lcl.blmodule.helpers.LastMetricsIngestionTSTask:<NUM> - END - ConcurrentTask [<NUM>]', 'com.obs.lcl.blmodule.helpers.LastMetricsIngestionTSTask:<NUM> - START - ConcurrentTask', 'com.obs.lcl.blmodule.helpers.LastMetricsIngestionTSTask:<NUM> - END - ConcurrentTask [<NUM>]']"
53,2,"['com.obs.lcl.blmodule.helpers.LastMetricsIngestionTSTask:<NUM> - START - ConcurrentTask', 'com.obs.lcl.blmodule.helpers.LastMetricsIngestionTSTask:<NUM> - END - ConcurrentTask [<NUM>]', 'com.obs.lcl.blmodule.helpers.LastMetricsIngestionTSTask:<NUM> - START - ConcurrentTask', 'com.obs.lcl.blmodule.helpers.LastMetricsIngestionTSTask:<NUM> - END - ConcurrentTask [<NUM>]', 'com.obs.lcl.blmodule.helpers.InstaUptimeTask:<NUM> - START - ConcurrentTask']"
54,2,"['com.obs.lcl.blmodule.helpers.LastMetricsIngestionTSTask:<NUM> - START - ConcurrentTask', 'com.obs.lcl.blmodule.helpers.LastMetricsIngestionTSTask:<NUM> - END - ConcurrentTask [<NUM>]', 'com.obs.lcl.blmodule.helpers.LastMetricsIngestionTSTask:<NUM> - START - ConcurrentTask', 'com.obs.lcl.blmodule.helpers.LastMetricsIngestionTSTask:<NUM> - END - ConcurrentTask [<NUM>]', 'com.obs.lcl.blmodule.helpers.InstaUptimeTask:<NUM> - START - ConcurrentTask', 'com.obs.lcl.blmodule.helpers.InstaUptimeTask:<NUM> - with uptime_range as (']"
55,2,"['com.obs.lcl.blmodule.helpers.LastMetricsIngestionTSTask:<NUM> - START - ConcurrentTask', 'com.obs.lcl.blmodule.helpers.LastMetricsIngestionTSTask:<NUM> - START - ConcurrentTask', 'com.obs.lcl.blmodule.helpers.LastMetricsIngestionTSTask:<NUM> - END - ConcurrentTask [<NUM>]']"
56,2,"['com.obs.lcl.blmodule.helpers.LastMetricsIngestionTSTask:<NUM> - START - ConcurrentTask', 'com.obs.lcl.blmodule.helpers.LastMetricsIngestionTSTask:<NUM> - START - ConcurrentTask', 'com.obs.lcl.blmodule.helpers.LastMetricsIngestionTSTask:<NUM> - END - ConcurrentTask [<NUM>]', 'com.obs.lcl.blmodule.helpers.InstaUptimeTask:<NUM> - START - ConcurrentTask']"
57,2,"['com.obs.lcl.blmodule.helpers.LastMetricsIngestionTSTask:<NUM> - START - ConcurrentTask', 'com.obs.lcl.blmodule.helpers.LastMetricsIngestionTSTask:<NUM> - START - ConcurrentTask', 'com.obs.lcl.blmodule.helpers.LastMetricsIngestionTSTask:<NUM> - END - ConcurrentTask [<NUM>]', 'com.obs.lcl.blmodule.helpers.InstaUptimeTask:<NUM> - START - ConcurrentTask', 'com.obs.lcl.blmodule.helpers.InstaUptimeTask:<NUM> - with uptime_range as (']"
58,2,"['com.obs.lcl.blmodule.helpers.LastMetricsIngestionTSTask:<NUM> - END - ConcurrentTask [<NUM>]', 'com.obs.lcl.blmodule.helpers.LastMetricsIngestionTSTask:<NUM> - END - ConcurrentTask [<NUM>]', 'com.obs.lcl.blmodule.helpers.InstaUptimeTask:<NUM> - with uptime_range as (']"
59,2,"['com.obs.lcl.blmodule.helpers.LastMetricsIngestionTSTask:<NUM> - END - ConcurrentTask [<NUM>]', 'com.obs.lcl.blmodule.helpers.LastMetricsIngestionTSTask:<NUM> - START - ConcurrentTask', 'com.obs.lcl.blmodule.helpers.InstaUptimeTask:<NUM> - START - ConcurrentTask', 'com.obs.lcl.blmodule.helpers.InstaUptimeTask:<NUM> - with uptime_range as (']"
60,2,"['com.obs.lcl.blmodule.helpers.LastMetricsIngestionTSTask:<NUM> - END - ConcurrentTask [<NUM>]', 'com.obs.lcl.blmodule.helpers.LastMetricsIngestionTSTask:<NUM> - START - ConcurrentTask', 'com.obs.lcl.blmodule.helpers.InstaUptimeTask:<NUM> - START - ConcurrentTask', 'com.obs.lcl.blmodule.helpers.InstaUptimeTask:<NUM> - with uptime_range as (', 'com.obs.lcl.blmodule.helpers.InstaUptimeTask:<NUM> - END - ConcurrentTask [<NUM>]']"
61,2,"['com.obs.lcl.blmodule.helpers.LastMetricsIngestionTSTask:<NUM> - END - ConcurrentTask [<NUM>]', 'com.obs.lcl.blmodule.helpers.LastMetricsIngestionTSTask:<NUM> - START - ConcurrentTask', 'com.obs.lcl.blmodule.helpers.InstaUptimeTask:<NUM> - START - ConcurrentTask', 'com.obs.lcl.blmodule.helpers.InstaUptimeTask:<NUM> - END - ConcurrentTask [<NUM>]']"
62,2,"['com.obs.lcl.blmodule.helpers.LastMetricsIngestionTSTask:<NUM> - END - ConcurrentTask [<NUM>]', 'com.obs.lcl.blmodule.helpers.LastMetricsIngestionTSTask:<NUM> - START - ConcurrentTask', 'com.obs.lcl.blmodule.helpers.InstaUptimeTask:<NUM> - with uptime_range as (']"
63,2,"['com.obs.lcl.blmodule.helpers.LastMetricsIngestionTSTask:<NUM> - END - ConcurrentTask [<NUM>]', 'com.obs.lcl.blmodule.helpers.LastMetricsIngestionTSTask:<NUM> - START - ConcurrentTask', 'com.obs.lcl.blmodule.helpers.InstaUptimeTask:<NUM> - with uptime_range as (', 'com.obs.lcl.blmodule.helpers.InstaUptimeTask:<NUM> - END - ConcurrentTask [<NUM>]']"
64,2,"['com.obs.lcl.blmodule.helpers.LastMetricsIngestionTSTask:<NUM> - END - ConcurrentTask [<NUM>]', 'com.obs.lcl.blmodule.helpers.LastMetricsIngestionTSTask:<NUM> - START - ConcurrentTask', 'com.obs.lcl.blmodule.helpers.InstaUptimeTask:<NUM> - END - ConcurrentTask [<NUM>]']"
65,2,"['com.obs.lcl.blmodule.helpers.LastMetricsIngestionTSTask:<NUM> - END - ConcurrentTask [<NUM>]', 'com.obs.lcl.blmodule.helpers.LastMetricsIngestionTSTask:<NUM> - END - ConcurrentTask [<NUM>]']"
66,2,"['com.obs.lcl.blmodule.helpers.LastMetricsIngestionTSTask:<NUM> - END - ConcurrentTask [<NUM>]', 'com.obs.lcl.blmodule.helpers.LastMetricsIngestionTSTask:<NUM> - END - ConcurrentTask [<NUM>]', 'com.obs.lcl.blmodule.helpers.InstaUptimeTask:<NUM> - START - ConcurrentTask']"
67,2,"['com.obs.lcl.blmodule.helpers.LastMetricsIngestionTSTask:<NUM> - END - ConcurrentTask [<NUM>]', 'com.obs.lcl.blmodule.helpers.LastMetricsIngestionTSTask:<NUM> - END - ConcurrentTask [<NUM>]', 'com.obs.lcl.blmodule.helpers.InstaUptimeTask:<NUM> - START - ConcurrentTask', 'com.obs.lcl.blmodule.helpers.InstaUptimeTask:<NUM> - with uptime_range as (']"
68,2,"['com.obs.lcl.blmodule.helpers.LastMetricsIngestionTSTask:<NUM> - END - ConcurrentTask [<NUM>]', 'com.obs.lcl.blmodule.helpers.LastMetricsIngestionTSTask:<NUM> - END - ConcurrentTask [<NUM>]', 'com.obs.lcl.blmodule.helpers.InstaUptimeTask:<NUM> - START - ConcurrentTask', 'com.obs.lcl.blmodule.helpers.InstaUptimeTask:<NUM> - with uptime_range as (', 'com.obs.lcl.blmodule.helpers.InstaUptimeTask:<NUM> - END - ConcurrentTask [<NUM>]']"
69,2,"['com.obs.lcl.blmodule.helpers.LastMetricsIngestionTSTask:<NUM> - END - ConcurrentTask [<NUM>]', 'com.obs.lcl.blmodule.helpers.LastMetricsIngestionTSTask:<NUM> - END - ConcurrentTask [<NUM>]', 'com.obs.lcl.blmodule.helpers.InstaUptimeTask:<NUM> - START - ConcurrentTask', 'com.obs.lcl.blmodule.helpers.InstaUptimeTask:<NUM> - END - ConcurrentTask [<NUM>]']"
70,2,"['com.obs.lcl.blmodule.helpers.LastMetricsIngestionTSTask:<NUM> - END - ConcurrentTask [<NUM>]', 'com.obs.lcl.blmodule.helpers.LastMetricsIngestionTSTask:<NUM> - END - ConcurrentTask [<NUM>]', 'com.obs.lcl.blmodule.helpers.InstaUptimeTask:<NUM> - with uptime_range as (', 'com.obs.lcl.blmodule.helpers.InstaUptimeTask:<NUM> - END - ConcurrentTask [<NUM>]']"
71,2,"['com.obs.lcl.blmodule.helpers.LastMetricsIngestionTSTask:<NUM> - END - ConcurrentTask [<NUM>]', 'com.obs.lcl.blmodule.helpers.LastMetricsIngestionTSTask:<NUM> - START - ConcurrentTask', 'com.obs.lcl.blmodule.helpers.LastMetricsIngestionTSTask:<NUM> - END - ConcurrentTask [<NUM>]', 'com.obs.lcl.blmodule.helpers.InstaUptimeTask:<NUM> - END - ConcurrentTask [<NUM>]']"
72,2,"['com.obs.lcl.blmodule.helpers.LastMetricsIngestionTSTask:<NUM> - END - ConcurrentTask [<NUM>]', 'com.obs.lcl.blmodule.helpers.LastMetricsIngestionTSTask:<NUM> - END - ConcurrentTask [<NUM>]', 'com.obs.lcl.blmodule.helpers.InstaUptimeTask:<NUM> - END - ConcurrentTask [<NUM>]']"
73,2,"['com.obs.lcl.blmodule.helpers.LastMetricsIngestionTSTask:<NUM> - END - ConcurrentTask [<NUM>]', 'com.obs.lcl.blmodule.helpers.InstaUptimeTask:<NUM> - START - ConcurrentTask']"
74,2,"['com.obs.lcl.blmodule.helpers.LastMetricsIngestionTSTask:<NUM> - END - ConcurrentTask [<NUM>]', 'com.obs.lcl.blmodule.helpers.InstaUptimeTask:<NUM> - START - ConcurrentTask', 'com.obs.lcl.blmodule.helpers.InstaUptimeTask:<NUM> - with uptime_range as (']"
75,2,"['com.obs.lcl.blmodule.helpers.LastMetricsIngestionTSTask:<NUM> - END - ConcurrentTask [<NUM>]', 'com.obs.lcl.blmodule.helpers.InstaUptimeTask:<NUM> - START - ConcurrentTask', 'com.obs.lcl.blmodule.helpers.InstaUptimeTask:<NUM> - with uptime_range as (', 'com.obs.lcl.blmodule.helpers.InstaUptimeTask:<NUM> - END - ConcurrentTask [<NUM>]']"
76,2,"['com.obs.lcl.blmodule.helpers.LastMetricsIngestionTSTask:<NUM> - END - ConcurrentTask [<NUM>]', 'com.obs.lcl.blmodule.helpers.InstaUptimeTask:<NUM> - START - ConcurrentTask', 'com.obs.lcl.blmodule.helpers.InstaUptimeTask:<NUM> - END - ConcurrentTask [<NUM>]']"
77,2,"['com.obs.lcl.blmodule.helpers.LastMetricsIngestionTSTask:<NUM> - END - ConcurrentTask [<NUM>]', 'com.obs.lcl.blmodule.helpers.InstaUptimeTask:<NUM> - with uptime_range as (']"
78,2,"['com.obs.lcl.blmodule.helpers.LastMetricsIngestionTSTask:<NUM> - END - ConcurrentTask [<NUM>]', 'com.obs.lcl.blmodule.helpers.InstaUptimeTask:<NUM> - with uptime_range as (', 'com.obs.lcl.blmodule.helpers.InstaUptimeTask:<NUM> - END - ConcurrentTask [<NUM>]']"
79,2,"['com.obs.lcl.blmodule.helpers.LastMetricsIngestionTSTask:<NUM> - END - ConcurrentTask [<NUM>]', 'com.obs.lcl.blmodule.helpers.InstaUptimeTask:<NUM> - END - ConcurrentTask [<NUM>]']"
80,2,"['com.obs.lcl.blmodule.helpers.InstaUptimeTask:<NUM> - START - ConcurrentTask', 'com.obs.lcl.blmodule.helpers.InstaUptimeTask:<NUM> - with uptime_range as (']"
81,2,"['com.obs.lcl.blmodule.helpers.InstaUptimeTask:<NUM> - START - ConcurrentTask', 'com.obs.lcl.blmodule.helpers.InstaUptimeTask:<NUM> - with uptime_range as (', 'com.obs.lcl.blmodule.helpers.InstaUptimeTask:<NUM> - END - ConcurrentTask [<NUM>]']"
82,2,"['com.obs.lcl.blmodule.helpers.InstaUptimeTask:<NUM> - START - ConcurrentTask', 'com.obs.lcl.blmodule.helpers.InstaUptimeTask:<NUM> - END - ConcurrentTask [<NUM>]']"
83,2,"['com.obs.lcl.blmodule.helpers.LastMetricsIngestionTSTask:<NUM> - END - ConcurrentTask [<NUM>]', 'com.obs.lcl.blmodule.helpers.LastMetricsIngestionTSTask:<NUM> - START - ConcurrentTask', 'com.obs.lcl.blmodule.helpers.InstaUptimeTask:<NUM> - START - ConcurrentTask']"
84,2,"['com.obs.lcl.blmodule.helpers.LastMetricsIngestionTSTask:<NUM> - END - ConcurrentTask [<NUM>]', 'com.obs.lcl.blmodule.helpers.LastMetricsIngestionTSTask:<NUM> - START - ConcurrentTask', 'com.obs.lcl.blmodule.helpers.LastMetricsIngestionTSTask:<NUM> - END - ConcurrentTask [<NUM>]', 'com.obs.lcl.blmodule.helpers.InstaUptimeTask:<NUM> - with uptime_range as (', 'com.obs.lcl.blmodule.helpers.InstaUptimeTask:<NUM> - END - ConcurrentTask [<NUM>]']"
85,2,"['com.obs.lcl.blmodule.helpers.LastMetricsIngestionTSTask:<NUM> - START - ConcurrentTask', 'com.obs.lcl.blmodule.helpers.LastMetricsIngestionTSTask:<NUM> - START - ConcurrentTask', 'com.obs.lcl.blmodule.helpers.LastMetricsIngestionTSTask:<NUM> - END - ConcurrentTask [<NUM>]', 'com.obs.lcl.blmodule.helpers.InstaUptimeTask:<NUM> - START - ConcurrentTask', 'com.obs.lcl.blmodule.helpers.InstaUptimeTask:<NUM> - with uptime_range as (', 'com.obs.lcl.blmodule.helpers.InstaUptimeTask:<NUM> - END - ConcurrentTask [<NUM>]']"
86,2,"['com.obs.lcl.blmodule.helpers.LastMetricsIngestionTSTask:<NUM> - START - ConcurrentTask', 'com.obs.lcl.blmodule.helpers.InstaUptimeTask:<NUM> - START - ConcurrentTask']"
87,2,"['com.obs.lcl.blmodule.helpers.LastMetricsIngestionTSTask:<NUM> - START - ConcurrentTask', 'com.obs.lcl.blmodule.helpers.LastMetricsIngestionTSTask:<NUM> - START - ConcurrentTask', 'com.obs.lcl.blmodule.helpers.LastMetricsIngestionTSTask:<NUM> - END - ConcurrentTask [<NUM>]', 'com.obs.lcl.blmodule.helpers.InstaUptimeTask:<NUM> - START - ConcurrentTask', 'com.obs.lcl.blmodule.helpers.InstaUptimeTask:<NUM> - END - ConcurrentTask [<NUM>]']"
88,2,"['com.obs.lcl.blmodule.helpers.LastMetricsIngestionTSTask:<NUM> - START - ConcurrentTask', 'com.obs.lcl.blmodule.helpers.LastMetricsIngestionTSTask:<NUM> - START - ConcurrentTask', 'com.obs.lcl.blmodule.helpers.LastMetricsIngestionTSTask:<NUM> - END - ConcurrentTask [<NUM>]', 'com.obs.lcl.blmodule.helpers.InstaUptimeTask:<NUM> - with uptime_range as (']"
89,2,"['com.obs.lcl.blmodule.helpers.LastMetricsIngestionTSTask:<NUM> - START - ConcurrentTask', 'com.obs.lcl.blmodule.helpers.LastMetricsIngestionTSTask:<NUM> - START - ConcurrentTask', 'com.obs.lcl.blmodule.helpers.LastMetricsIngestionTSTask:<NUM> - END - ConcurrentTask [<NUM>]', 'com.obs.lcl.blmodule.helpers.InstaUptimeTask:<NUM> - with uptime_range as (', 'com.obs.lcl.blmodule.helpers.InstaUptimeTask:<NUM> - END - ConcurrentTask [<NUM>]']"
90,2,"['com.obs.lcl.blmodule.helpers.LastMetricsIngestionTSTask:<NUM> - START - ConcurrentTask', 'com.obs.lcl.blmodule.helpers.LastMetricsIngestionTSTask:<NUM> - START - ConcurrentTask', 'com.obs.lcl.blmodule.helpers.LastMetricsIngestionTSTask:<NUM> - END - ConcurrentTask [<NUM>]', 'com.obs.lcl.blmodule.helpers.InstaUptimeTask:<NUM> - END - ConcurrentTask [<NUM>]']"
91,2,"['com.obs.lcl.blmodule.helpers.LastMetricsIngestionTSTask:<NUM> - START - ConcurrentTask', 'com.obs.lcl.blmodule.helpers.LastMetricsIngestionTSTask:<NUM> - START - ConcurrentTask', 'com.obs.lcl.blmodule.helpers.InstaUptimeTask:<NUM> - START - ConcurrentTask']"
92,2,"['com.obs.lcl.blmodule.helpers.LastMetricsIngestionTSTask:<NUM> - START - ConcurrentTask', 'com.obs.lcl.blmodule.helpers.LastMetricsIngestionTSTask:<NUM> - START - ConcurrentTask', 'com.obs.lcl.blmodule.helpers.InstaUptimeTask:<NUM> - START - ConcurrentTask', 'com.obs.lcl.blmodule.helpers.InstaUptimeTask:<NUM> - with uptime_range as (']"
93,2,"['com.obs.lcl.blmodule.helpers.LastMetricsIngestionTSTask:<NUM> - START - ConcurrentTask', 'com.obs.lcl.blmodule.helpers.LastMetricsIngestionTSTask:<NUM> - START - ConcurrentTask', 'com.obs.lcl.blmodule.helpers.InstaUptimeTask:<NUM> - START - ConcurrentTask', 'com.obs.lcl.blmodule.helpers.InstaUptimeTask:<NUM> - with uptime_range as (', 'com.obs.lcl.blmodule.helpers.InstaUptimeTask:<NUM> - END - ConcurrentTask [<NUM>]']"
94,2,"['com.obs.lcl.blmodule.helpers.LastMetricsIngestionTSTask:<NUM> - START - ConcurrentTask', 'com.obs.lcl.blmodule.helpers.LastMetricsIngestionTSTask:<NUM> - START - ConcurrentTask', 'com.obs.lcl.blmodule.helpers.InstaUptimeTask:<NUM> - START - ConcurrentTask', 'com.obs.lcl.blmodule.helpers.InstaUptimeTask:<NUM> - END - ConcurrentTask [<NUM>]']"
95,2,"['com.obs.lcl.blmodule.helpers.LastMetricsIngestionTSTask:<NUM> - START - ConcurrentTask', 'com.obs.lcl.blmodule.helpers.LastMetricsIngestionTSTask:<NUM> - START - ConcurrentTask', 'com.obs.lcl.blmodule.helpers.InstaUptimeTask:<NUM> - with uptime_range as (']"
96,2,"['com.obs.lcl.blmodule.helpers.LastMetricsIngestionTSTask:<NUM> - START - ConcurrentTask', 'com.obs.lcl.blmodule.helpers.LastMetricsIngestionTSTask:<NUM> - START - ConcurrentTask', 'com.obs.lcl.blmodule.helpers.InstaUptimeTask:<NUM> - with uptime_range as (', 'com.obs.lcl.blmodule.helpers.InstaUptimeTask:<NUM> - END - ConcurrentTask [<NUM>]']"
97,2,"['com.obs.lcl.blmodule.helpers.LastMetricsIngestionTSTask:<NUM> - START - ConcurrentTask', 'com.obs.lcl.blmodule.helpers.LastMetricsIngestionTSTask:<NUM> - START - ConcurrentTask', 'com.obs.lcl.blmodule.helpers.InstaUptimeTask:<NUM> - END - ConcurrentTask [<NUM>]']"
98,2,"['com.obs.lcl.blmodule.helpers.LastMetricsIngestionTSTask:<NUM> - START - ConcurrentTask', 'com.obs.lcl.blmodule.helpers.InstaUptimeTask:<NUM> - START - ConcurrentTask', 'com.obs.lcl.blmodule.helpers.InstaUptimeTask:<NUM> - with uptime_range as (']"
99,2,"['com.obs.lcl.blmodule.helpers.LastMetricsIngestionTSTask:<NUM> - END - ConcurrentTask [<NUM>]', 'com.obs.lcl.blmodule.helpers.LastMetricsIngestionTSTask:<NUM> - START - ConcurrentTask', 'com.obs.lcl.blmodule.helpers.LastMetricsIngestionTSTask:<NUM> - END - ConcurrentTask [<NUM>]', 'com.obs.lcl.blmodule.helpers.InstaUptimeTask:<NUM> - with uptime_range as (']"
100,2,"['com.obs.lcl.blmodule.helpers.LastMetricsIngestionTSTask:<NUM> - START - ConcurrentTask', 'com.obs.lcl.blmodule.helpers.InstaUptimeTask:<NUM> - START - ConcurrentTask', 'com.obs.lcl.blmodule.helpers.InstaUptimeTask:<NUM> - with uptime_range as (', 'com.obs.lcl.blmodule.helpers.InstaUptimeTask:<NUM> - END - ConcurrentTask [<NUM>]']"
101,2,"['com.obs.lcl.blmodule.helpers.LastMetricsIngestionTSTask:<NUM> - START - ConcurrentTask', 'com.obs.lcl.blmodule.helpers.InstaUptimeTask:<NUM> - START - ConcurrentTask', 'com.obs.lcl.blmodule.helpers.InstaUptimeTask:<NUM> - END - ConcurrentTask [<NUM>]']"
102,2,"['com.obs.lcl.blmodule.helpers.LastMetricsIngestionTSTask:<NUM> - START - ConcurrentTask', 'com.obs.lcl.blmodule.helpers.InstaUptimeTask:<NUM> - with uptime_range as (']"
103,2,"['com.obs.lcl.blmodule.helpers.LastMetricsIngestionTSTask:<NUM> - START - ConcurrentTask', 'com.obs.lcl.blmodule.helpers.InstaUptimeTask:<NUM> - with uptime_range as (', 'com.obs.lcl.blmodule.helpers.InstaUptimeTask:<NUM> - END - ConcurrentTask [<NUM>]']"
104,2,"['com.obs.lcl.blmodule.helpers.LastMetricsIngestionTSTask:<NUM> - START - ConcurrentTask', 'com.obs.lcl.blmodule.helpers.InstaUptimeTask:<NUM> - END - ConcurrentTask [<NUM>]']"
105,2,"['com.obs.lcl.blmodule.helpers.LastMetricsIngestionTSTask:<NUM> - END - ConcurrentTask [<NUM>]', 'com.obs.lcl.blmodule.helpers.LastMetricsIngestionTSTask:<NUM> - START - ConcurrentTask']"
106,2,"['com.obs.lcl.blmodule.helpers.LastMetricsIngestionTSTask:<NUM> - END - ConcurrentTask [<NUM>]', 'com.obs.lcl.blmodule.helpers.LastMetricsIngestionTSTask:<NUM> - START - ConcurrentTask', 'com.obs.lcl.blmodule.helpers.LastMetricsIngestionTSTask:<NUM> - END - ConcurrentTask [<NUM>]']"
107,2,"['com.obs.lcl.blmodule.helpers.LastMetricsIngestionTSTask:<NUM> - END - ConcurrentTask [<NUM>]', 'com.obs.lcl.blmodule.helpers.LastMetricsIngestionTSTask:<NUM> - START - ConcurrentTask', 'com.obs.lcl.blmodule.helpers.LastMetricsIngestionTSTask:<NUM> - END - ConcurrentTask [<NUM>]', 'com.obs.lcl.blmodule.helpers.InstaUptimeTask:<NUM> - START - ConcurrentTask']"
108,2,"['com.obs.lcl.blmodule.helpers.LastMetricsIngestionTSTask:<NUM> - END - ConcurrentTask [<NUM>]', 'com.obs.lcl.blmodule.helpers.LastMetricsIngestionTSTask:<NUM> - START - ConcurrentTask', 'com.obs.lcl.blmodule.helpers.LastMetricsIngestionTSTask:<NUM> - END - ConcurrentTask [<NUM>]', 'com.obs.lcl.blmodule.helpers.InstaUptimeTask:<NUM> - START - ConcurrentTask', 'com.obs.lcl.blmodule.helpers.InstaUptimeTask:<NUM> - with uptime_range as (']"
109,2,"['com.obs.lcl.blmodule.helpers.LastMetricsIngestionTSTask:<NUM> - END - ConcurrentTask [<NUM>]', 'com.obs.lcl.blmodule.helpers.LastMetricsIngestionTSTask:<NUM> - START - ConcurrentTask', 'com.obs.lcl.blmodule.helpers.LastMetricsIngestionTSTask:<NUM> - END - ConcurrentTask [<NUM>]', 'com.obs.lcl.blmodule.helpers.InstaUptimeTask:<NUM> - START - ConcurrentTask', 'com.obs.lcl.blmodule.helpers.InstaUptimeTask:<NUM> - with uptime_range as (', 'com.obs.lcl.blmodule.helpers.InstaUptimeTask:<NUM> - END - ConcurrentTask [<NUM>]']"
110,2,"['com.obs.lcl.blmodule.helpers.LastMetricsIngestionTSTask:<NUM> - END - ConcurrentTask [<NUM>]', 'com.obs.lcl.blmodule.helpers.LastMetricsIngestionTSTask:<NUM> - START - ConcurrentTask', 'com.obs.lcl.blmodule.helpers.LastMetricsIngestionTSTask:<NUM> - END - ConcurrentTask [<NUM>]', 'com.obs.lcl.blmodule.helpers.InstaUptimeTask:<NUM> - START - ConcurrentTask', 'com.obs.lcl.blmodule.helpers.InstaUptimeTask:<NUM> - END - ConcurrentTask [<NUM>]']"
111,2,"['api/v1/alert/list - reading input - payload, query params and path vars', 'api/v1/alert/list - performing input validation', 'api/v1/alert/list - generating output']"
112,2,"['api/v1/alert/list - reading input - payload, query params and path vars', 'api/v1/alert/list - performing input validation']"
113,2,"['api/v1/alert/list - Checking user authz', 'api/v1/alert/list - Request END -- [<NUM>]']"
114,2,"['runtime - Request received for endpoint: [lcl/api/v1/alert/list]', 'api/v1/alert/list - Checking user authz', 'api/v1/alert/list - performing input validation']"
115,2,"['runtime - Request received for endpoint: [lcl/api/v1/alert/list]', 'api/v1/alert/list - Request START -- [<NUM>.<NUM>.<NUM>.<NUM>][lcl/api/v1/alert/list][en_US][<NUM>]', 'api/v1/alert/list - generating output', 'api/v1/alert/list - Request END -- [<NUM>]']"
116,2,"['runtime - Request received for endpoint: [lcl/api/v1/alert/list]', 'api/v1/alert/list - Request START -- [<NUM>.<NUM>.<NUM>.<NUM>][lcl/api/v1/alert/list][en_US][<NUM>]', 'api/v1/alert/list - Request END -- [<NUM>]']"
117,2,"['runtime - Request received for endpoint: [lcl/api/v1/alert/list]', 'api/v1/alert/list - Checking user authz']"
118,2,"['runtime - Request received for endpoint: [lcl/api/v1/alert/list]', 'api/v1/alert/list - Checking user authz', 'api/v1/alert/list - reading input - payload, query params and path vars']"
119,2,"['runtime - Request received for endpoint: [lcl/api/v1/alert/list]', 'api/v1/alert/list - Checking user authz', 'api/v1/alert/list - reading input - payload, query params and path vars', 'api/v1/alert/list - performing input validation']"
120,2,"['runtime - Request received for endpoint: [lcl/api/v1/alert/list]', 'api/v1/alert/list - Checking user authz', 'api/v1/alert/list - reading input - payload, query params and path vars', 'api/v1/alert/list - performing input validation', 'api/v1/alert/list - generating output']"
121,2,"['runtime - Request received for endpoint: [lcl/api/v1/alert/list]', 'api/v1/alert/list - Checking user authz', 'api/v1/alert/list - reading input - payload, query params and path vars', 'api/v1/alert/list - performing input validation', 'api/v1/alert/list - generating output', 'api/v1/alert/list - Request END -- [<NUM>]']"
122,2,"['runtime - Request received for endpoint: [lcl/api/v1/alert/list]', 'api/v1/alert/list - Checking user authz', 'api/v1/alert/list - reading input - payload, query params and path vars', 'api/v1/alert/list - performing input validation', 'api/v1/alert/list - Request END -- [<NUM>]']"
123,2,"['runtime - Request received for endpoint: [lcl/api/v1/alert/list]', 'api/v1/alert/list - Checking user authz', 'api/v1/alert/list - reading input - payload, query params and path vars', 'api/v1/alert/list - generating output']"
124,2,"['runtime - Request received for endpoint: [lcl/api/v1/alert/list]', 'api/v1/alert/list - Checking user authz', 'api/v1/alert/list - reading input - payload, query params and path vars', 'api/v1/alert/list - generating output', 'api/v1/alert/list - Request END -- [<NUM>]']"
125,2,"['runtime - Request received for endpoint: [lcl/api/v1/alert/list]', 'api/v1/alert/list - Checking user authz', 'api/v1/alert/list - reading input - payload, query params and path vars', 'api/v1/alert/list - Request END -- [<NUM>]']"
126,2,"['runtime - Request received for endpoint: [lcl/api/v1/alert/list]', 'api/v1/alert/list - Checking user authz', 'api/v1/alert/list - performing input validation', 'api/v1/alert/list - generating output']"
127,2,"['runtime - Request received for endpoint: [lcl/api/v1/alert/list]', 'api/v1/alert/list - Request START -- [<NUM>.<NUM>.<NUM>.<NUM>][lcl/api/v1/alert/list][en_US][<NUM>]', 'api/v1/alert/list - performing input validation', 'api/v1/alert/list - Request END -- [<NUM>]']"
128,2,"['runtime - Request received for endpoint: [lcl/api/v1/alert/list]', 'api/v1/alert/list - Checking user authz', 'api/v1/alert/list - performing input validation', 'api/v1/alert/list - generating output', 'api/v1/alert/list - Request END -- [<NUM>]']"
129,2,"['runtime - Request received for endpoint: [lcl/api/v1/alert/list]', 'api/v1/alert/list - Checking user authz', 'api/v1/alert/list - performing input validation', 'api/v1/alert/list - Request END -- [<NUM>]']"
130,2,"['runtime - Request received for endpoint: [lcl/api/v1/alert/list]', 'api/v1/alert/list - Checking user authz', 'api/v1/alert/list - generating output']"
131,2,"['runtime - Request received for endpoint: [lcl/api/v1/alert/list]', 'api/v1/alert/list - Checking user authz', 'api/v1/alert/list - generating output', 'api/v1/alert/list - Request END -- [<NUM>]']"
132,2,"['runtime - Request received for endpoint: [lcl/api/v1/alert/list]', 'api/v1/alert/list - Checking user authz', 'api/v1/alert/list - Request END -- [<NUM>]']"
133,2,"['runtime - Request received for endpoint: [lcl/api/v1/alert/list]', 'api/v1/alert/list - reading input - payload, query params and path vars']"
134,2,"['runtime - Request received for endpoint: [lcl/api/v1/alert/list]', 'api/v1/alert/list - reading input - payload, query params and path vars', 'api/v1/alert/list - performing input validation']"
135,2,"['runtime - Request received for endpoint: [lcl/api/v1/alert/list]', 'api/v1/alert/list - reading input - payload, query params and path vars', 'api/v1/alert/list - performing input validation', 'api/v1/alert/list - generating output']"
136,2,"['runtime - Request received for endpoint: [lcl/api/v1/alert/list]', 'api/v1/alert/list - reading input - payload, query params and path vars', 'api/v1/alert/list - performing input validation', 'api/v1/alert/list - generating output', 'api/v1/alert/list - Request END -- [<NUM>]']"
137,2,"['runtime - Request received for endpoint: [lcl/api/v1/alert/list]', 'api/v1/alert/list - reading input - payload, query params and path vars', 'api/v1/alert/list - performing input validation', 'api/v1/alert/list - Request END -- [<NUM>]']"
138,2,"['runtime - Request received for endpoint: [lcl/api/v1/alert/list]', 'api/v1/alert/list - reading input - payload, query params and path vars', 'api/v1/alert/list - generating output']"
139,2,"['runtime - Request received for endpoint: [lcl/api/v1/alert/list]', 'api/v1/alert/list - Request START -- [<NUM>.<NUM>.<NUM>.<NUM>][lcl/api/v1/alert/list][en_US][<NUM>]', 'api/v1/alert/list - generating output']"
140,2,"['runtime - Request received for endpoint: [lcl/api/v1/alert/list]', 'api/v1/alert/list - Request START -- [<NUM>.<NUM>.<NUM>.<NUM>][lcl/api/v1/alert/list][en_US][<NUM>]', 'api/v1/alert/list - performing input validation', 'api/v1/alert/list - generating output', 'api/v1/alert/list - Request END -- [<NUM>]']"
141,2,"['runtime - Request received for endpoint: [lcl/api/v1/alert/list]', 'api/v1/alert/list - reading input - payload, query params and path vars', 'api/v1/alert/list - Request END -- [<NUM>]']"
142,2,"['runtime - Request received for endpoint: [lcl/api/v1/alert/list]', 'api/v1/alert/list - Request START -- [<NUM>.<NUM>.<NUM>.<NUM>][lcl/api/v1/alert/list][en_US][<NUM>]', 'api/v1/alert/list - Checking user authz', 'api/v1/alert/list - performing input validation', 'api/v1/alert/list - Request END -- [<NUM>]']"
143,2,"['runtime - Request received for endpoint: [lcl/api/v1/alert/list]', 'api/v1/alert/list - Request START -- [<NUM>.<NUM>.<NUM>.<NUM>][lcl/api/v1/alert/list][en_US][<NUM>]', 'api/v1/alert/list - Checking user authz', 'api/v1/alert/list - reading input - payload, query params and path vars']"
144,2,"['runtime - Request received for endpoint: [lcl/api/v1/alert/list]', 'api/v1/alert/list - Request START -- [<NUM>.<NUM>.<NUM>.<NUM>][lcl/api/v1/alert/list][en_US][<NUM>]', 'api/v1/alert/list - Checking user authz', 'api/v1/alert/list - reading input - payload, query params and path vars', 'api/v1/alert/list - performing input validation']"
145,2,"['runtime - Request received for endpoint: [lcl/api/v1/alert/list]', 'api/v1/alert/list - Request START -- [<NUM>.<NUM>.<NUM>.<NUM>][lcl/api/v1/alert/list][en_US][<NUM>]', 'api/v1/alert/list - Checking user authz', 'api/v1/alert/list - reading input - payload, query params and path vars', 'api/v1/alert/list - performing input validation', 'api/v1/alert/list - generating output']"
146,2,"['runtime - Request received for endpoint: [lcl/api/v1/alert/list]', 'api/v1/alert/list - Request START -- [<NUM>.<NUM>.<NUM>.<NUM>][lcl/api/v1/alert/list][en_US][<NUM>]', 'api/v1/alert/list - Checking user authz', 'api/v1/alert/list - reading input - payload, query params and path vars', 'api/v1/alert/list - performing input validation', 'api/v1/alert/list - generating output', 'api/v1/alert/list - Request END -- [<NUM>]']"
147,2,"['runtime - Request received for endpoint: [lcl/api/v1/alert/list]', 'api/v1/alert/list - Request START -- [<NUM>.<NUM>.<NUM>.<NUM>][lcl/api/v1/alert/list][en_US][<NUM>]', 'api/v1/alert/list - Checking user authz', 'api/v1/alert/list - reading input - payload, query params and path vars', 'api/v1/alert/list - performing input validation', 'api/v1/alert/list - Request END -- [<NUM>]']"
148,2,"['runtime - Request received for endpoint: [lcl/api/v1/alert/list]', 'api/v1/alert/list - Request START -- [<NUM>.<NUM>.<NUM>.<NUM>][lcl/api/v1/alert/list][en_US][<NUM>]', 'api/v1/alert/list - Checking user authz', 'api/v1/alert/list - reading input - payload, query params and path vars', 'api/v1/alert/list - generating output']"
149,2,"['runtime - Request received for endpoint: [lcl/api/v1/alert/list]', 'api/v1/alert/list - Request START -- [<NUM>.<NUM>.<NUM>.<NUM>][lcl/api/v1/alert/list][en_US][<NUM>]', 'api/v1/alert/list - Checking user authz', 'api/v1/alert/list - reading input - payload, query params and path vars', 'api/v1/alert/list - generating output', 'api/v1/alert/list - Request END -- [<NUM>]']"
150,2,"['runtime - Request received for endpoint: [lcl/api/v1/alert/list]', 'api/v1/alert/list - Request START -- [<NUM>.<NUM>.<NUM>.<NUM>][lcl/api/v1/alert/list][en_US][<NUM>]', 'api/v1/alert/list - Checking user authz', 'api/v1/alert/list - reading input - payload, query params and path vars', 'api/v1/alert/list - Request END -- [<NUM>]']"
151,2,"['runtime - Request received for endpoint: [lcl/api/v1/alert/list]', 'api/v1/alert/list - Request START -- [<NUM>.<NUM>.<NUM>.<NUM>][lcl/api/v1/alert/list][en_US][<NUM>]', 'api/v1/alert/list - Checking user authz', 'api/v1/alert/list - performing input validation']"
152,2,"['runtime - Request received for endpoint: [lcl/api/v1/alert/list]', 'api/v1/alert/list - Request START -- [<NUM>.<NUM>.<NUM>.<NUM>][lcl/api/v1/alert/list][en_US][<NUM>]', 'api/v1/alert/list - Checking user authz', 'api/v1/alert/list - performing input validation', 'api/v1/alert/list - generating output']"
153,2,"['runtime - Request received for endpoint: [lcl/api/v1/alert/list]', 'api/v1/alert/list - Request START -- [<NUM>.<NUM>.<NUM>.<NUM>][lcl/api/v1/alert/list][en_US][<NUM>]', 'api/v1/alert/list - Checking user authz', 'api/v1/alert/list - performing input validation', 'api/v1/alert/list - generating output', 'api/v1/alert/list - Request END -- [<NUM>]']"
154,2,"['runtime - Request received for endpoint: [lcl/api/v1/alert/list]', 'api/v1/alert/list - Request START -- [<NUM>.<NUM>.<NUM>.<NUM>][lcl/api/v1/alert/list][en_US][<NUM>]', 'api/v1/alert/list - Checking user authz', 'api/v1/alert/list - generating output']"
155,2,"['runtime - Request received for endpoint: [lcl/api/v1/alert/list]', 'api/v1/alert/list - Request START -- [<NUM>.<NUM>.<NUM>.<NUM>][lcl/api/v1/alert/list][en_US][<NUM>]', 'api/v1/alert/list - performing input validation', 'api/v1/alert/list - generating output']"
156,2,"['runtime - Request received for endpoint: [lcl/api/v1/alert/list]', 'api/v1/alert/list - Request START -- [<NUM>.<NUM>.<NUM>.<NUM>][lcl/api/v1/alert/list][en_US][<NUM>]', 'api/v1/alert/list - Checking user authz', 'api/v1/alert/list - generating output', 'api/v1/alert/list - Request END -- [<NUM>]']"
157,2,"['runtime - Request received for endpoint: [lcl/api/v1/alert/list]', 'api/v1/alert/list - Request START -- [<NUM>.<NUM>.<NUM>.<NUM>][lcl/api/v1/alert/list][en_US][<NUM>]', 'api/v1/alert/list - Checking user authz', 'api/v1/alert/list - Request END -- [<NUM>]']"
158,2,"['runtime - Request received for endpoint: [lcl/api/v1/alert/list]', 'api/v1/alert/list - Request START -- [<NUM>.<NUM>.<NUM>.<NUM>][lcl/api/v1/alert/list][en_US][<NUM>]', 'api/v1/alert/list - reading input - payload, query params and path vars']"
159,2,"['runtime - Request received for endpoint: [lcl/api/v1/alert/list]', 'api/v1/alert/list - Request START -- [<NUM>.<NUM>.<NUM>.<NUM>][lcl/api/v1/alert/list][en_US][<NUM>]', 'api/v1/alert/list - reading input - payload, query params and path vars', 'api/v1/alert/list - performing input validation']"
160,2,"['runtime - Request received for endpoint: [lcl/api/v1/alert/list]', 'api/v1/alert/list - Request START -- [<NUM>.<NUM>.<NUM>.<NUM>][lcl/api/v1/alert/list][en_US][<NUM>]', 'api/v1/alert/list - reading input - payload, query params and path vars', 'api/v1/alert/list - performing input validation', 'api/v1/alert/list - generating output']"
161,2,"['runtime - Request received for endpoint: [lcl/api/v1/alert/list]', 'api/v1/alert/list - Request START -- [<NUM>.<NUM>.<NUM>.<NUM>][lcl/api/v1/alert/list][en_US][<NUM>]', 'api/v1/alert/list - reading input - payload, query params and path vars', 'api/v1/alert/list - performing input validation', 'api/v1/alert/list - generating output', 'api/v1/alert/list - Request END -- [<NUM>]']"
162,2,"['runtime - Request received for endpoint: [lcl/api/v1/alert/list]', 'api/v1/alert/list - Request START -- [<NUM>.<NUM>.<NUM>.<NUM>][lcl/api/v1/alert/list][en_US][<NUM>]', 'api/v1/alert/list - reading input - payload, query params and path vars', 'api/v1/alert/list - performing input validation', 'api/v1/alert/list - Request END -- [<NUM>]']"
163,2,"['runtime - Request received for endpoint: [lcl/api/v1/alert/list]', 'api/v1/alert/list - Request START -- [<NUM>.<NUM>.<NUM>.<NUM>][lcl/api/v1/alert/list][en_US][<NUM>]', 'api/v1/alert/list - reading input - payload, query params and path vars', 'api/v1/alert/list - generating output']"
164,2,"['runtime - Request received for endpoint: [lcl/api/v1/alert/list]', 'api/v1/alert/list - Request START -- [<NUM>.<NUM>.<NUM>.<NUM>][lcl/api/v1/alert/list][en_US][<NUM>]', 'api/v1/alert/list - reading input - payload, query params and path vars', 'api/v1/alert/list - generating output', 'api/v1/alert/list - Request END -- [<NUM>]']"
165,2,"['runtime - Request received for endpoint: [lcl/api/v1/alert/list]', 'api/v1/alert/list - Request START -- [<NUM>.<NUM>.<NUM>.<NUM>][lcl/api/v1/alert/list][en_US][<NUM>]', 'api/v1/alert/list - reading input - payload, query params and path vars', 'api/v1/alert/list - Request END -- [<NUM>]']"
166,2,"['runtime - Request received for endpoint: [lcl/api/v1/alert/list]', 'api/v1/alert/list - Request START -- [<NUM>.<NUM>.<NUM>.<NUM>][lcl/api/v1/alert/list][en_US][<NUM>]', 'api/v1/alert/list - performing input validation']"
167,2,"['runtime - Request received for endpoint: [lcl/api/v1/alert/list]', 'api/v1/alert/list - reading input - payload, query params and path vars', 'api/v1/alert/list - generating output', 'api/v1/alert/list - Request END -- [<NUM>]']"
168,2,"['runtime - Request received for endpoint: [lcl/api/v1/alert/list]', 'api/v1/alert/list - performing input validation']"
169,2,"['api/v1/alert/list - Checking user authz', 'api/v1/alert/list - generating output', 'api/v1/alert/list - Request END -- [<NUM>]']"
170,2,"['api/v1/alert/list - Checking user authz', 'api/v1/alert/list - reading input - payload, query params and path vars']"
171,2,"['api/v1/alert/list - Request START -- [<NUM>.<NUM>.<NUM>.<NUM>][lcl/api/v1/alert/list][en_US][<NUM>]', 'api/v1/alert/list - reading input - payload, query params and path vars', 'api/v1/alert/list - performing input validation', 'api/v1/alert/list - Request END -- [<NUM>]']"
172,2,"['api/v1/alert/list - Request START -- [<NUM>.<NUM>.<NUM>.<NUM>][lcl/api/v1/alert/list][en_US][<NUM>]', 'api/v1/alert/list - reading input - payload, query params and path vars', 'api/v1/alert/list - generating output']"
173,2,"['api/v1/alert/list - Request START -- [<NUM>.<NUM>.<NUM>.<NUM>][lcl/api/v1/alert/list][en_US][<NUM>]', 'api/v1/alert/list - reading input - payload, query params and path vars', 'api/v1/alert/list - generating output', 'api/v1/alert/list - Request END -- [<NUM>]']"
174,2,"['api/v1/alert/list - Request START -- [<NUM>.<NUM>.<NUM>.<NUM>][lcl/api/v1/alert/list][en_US][<NUM>]', 'api/v1/alert/list - reading input - payload, query params and path vars', 'api/v1/alert/list - Request END -- [<NUM>]']"
175,2,"['api/v1/alert/list - Request START -- [<NUM>.<NUM>.<NUM>.<NUM>][lcl/api/v1/alert/list][en_US][<NUM>]', 'api/v1/alert/list - performing input validation']"
176,2,"['api/v1/alert/list - Request START -- [<NUM>.<NUM>.<NUM>.<NUM>][lcl/api/v1/alert/list][en_US][<NUM>]', 'api/v1/alert/list - performing input validation', 'api/v1/alert/list - generating output']"
177,2,"['api/v1/alert/list - Request START -- [<NUM>.<NUM>.<NUM>.<NUM>][lcl/api/v1/alert/list][en_US][<NUM>]', 'api/v1/alert/list - performing input validation', 'api/v1/alert/list - generating output', 'api/v1/alert/list - Request END -- [<NUM>]']"
178,2,"['api/v1/alert/list - Request START -- [<NUM>.<NUM>.<NUM>.<NUM>][lcl/api/v1/alert/list][en_US][<NUM>]', 'api/v1/alert/list - performing input validation', 'api/v1/alert/list - Request END -- [<NUM>]']"
179,2,"['api/v1/alert/list - Request START -- [<NUM>.<NUM>.<NUM>.<NUM>][lcl/api/v1/alert/list][en_US][<NUM>]', 'api/v1/alert/list - generating output']"
180,2,"['api/v1/alert/list - Request START -- [<NUM>.<NUM>.<NUM>.<NUM>][lcl/api/v1/alert/list][en_US][<NUM>]', 'api/v1/alert/list - generating output', 'api/v1/alert/list - Request END -- [<NUM>]']"
181,2,"['api/v1/alert/list - Request START -- [<NUM>.<NUM>.<NUM>.<NUM>][lcl/api/v1/alert/list][en_US][<NUM>]', 'api/v1/alert/list - Request END -- [<NUM>]']"
182,2,"['api/v1/alert/list - Checking user authz', 'api/v1/alert/list - reading input - payload, query params and path vars', 'api/v1/alert/list - performing input validation']"
183,2,"['api/v1/alert/list - Request START -- [<NUM>.<NUM>.<NUM>.<NUM>][lcl/api/v1/alert/list][en_US][<NUM>]', 'api/v1/alert/list - reading input - payload, query params and path vars', 'api/v1/alert/list - performing input validation', 'api/v1/alert/list - generating output']"
184,2,"['api/v1/alert/list - Checking user authz', 'api/v1/alert/list - reading input - payload, query params and path vars', 'api/v1/alert/list - performing input validation', 'api/v1/alert/list - generating output']"
185,2,"['api/v1/alert/list - Checking user authz', 'api/v1/alert/list - reading input - payload, query params and path vars', 'api/v1/alert/list - performing input validation', 'api/v1/alert/list - generating output', 'api/v1/alert/list - Request END -- [<NUM>]']"
186,2,"['api/v1/alert/list - Checking user authz', 'api/v1/alert/list - reading input - payload, query params and path vars', 'api/v1/alert/list - performing input validation', 'api/v1/alert/list - Request END -- [<NUM>]']"
187,2,"['api/v1/alert/list - Checking user authz', 'api/v1/alert/list - reading input - payload, query params and path vars', 'api/v1/alert/list - generating output']"
188,2,"['api/v1/alert/list - Checking user authz', 'api/v1/alert/list - reading input - payload, query params and path vars', 'api/v1/alert/list - generating output', 'api/v1/alert/list - Request END -- [<NUM>]']"
189,2,"['api/v1/alert/list - Checking user authz', 'api/v1/alert/list - reading input - payload, query params and path vars', 'api/v1/alert/list - Request END -- [<NUM>]']"
190,2,"['api/v1/alert/list - Checking user authz', 'api/v1/alert/list - performing input validation']"
191,2,"['api/v1/alert/list - Checking user authz', 'api/v1/alert/list - performing input validation', 'api/v1/alert/list - generating output']"
192,2,"['api/v1/alert/list - Checking user authz', 'api/v1/alert/list - performing input validation', 'api/v1/alert/list - generating output', 'api/v1/alert/list - Request END -- [<NUM>]']"
193,2,"['api/v1/alert/list - Checking user authz', 'api/v1/alert/list - performing input validation', 'api/v1/alert/list - Request END -- [<NUM>]']"
194,2,"['api/v1/alert/list - Checking user authz', 'api/v1/alert/list - generating output']"
195,2,"['api/v1/alert/list - Request START -- [<NUM>.<NUM>.<NUM>.<NUM>][lcl/api/v1/alert/list][en_US][<NUM>]', 'api/v1/alert/list - reading input - payload, query params and path vars', 'api/v1/alert/list - performing input validation', 'api/v1/alert/list - generating output', 'api/v1/alert/list - Request END -- [<NUM>]']"
196,2,"['api/v1/alert/list - Request START -- [<NUM>.<NUM>.<NUM>.<NUM>][lcl/api/v1/alert/list][en_US][<NUM>]', 'api/v1/alert/list - reading input - payload, query params and path vars', 'api/v1/alert/list - performing input validation']"
197,2,"['runtime - Request received for endpoint: [lcl/api/v1/alert/list]', 'api/v1/alert/list - performing input validation', 'api/v1/alert/list - generating output']"
198,2,"['api/v1/alert/list - Request START -- [<NUM>.<NUM>.<NUM>.<NUM>][lcl/api/v1/alert/list][en_US][<NUM>]', 'api/v1/alert/list - Checking user authz', 'api/v1/alert/list - reading input - payload, query params and path vars', 'api/v1/alert/list - performing input validation', 'api/v1/alert/list - generating output']"
199,2,"['runtime - Request received for endpoint: [lcl/api/v1/alert/list]', 'api/v1/alert/list - performing input validation', 'api/v1/alert/list - generating output', 'api/v1/alert/list - Request END -- [<NUM>]']"
200,2,"['runtime - Request received for endpoint: [lcl/api/v1/alert/list]', 'api/v1/alert/list - performing input validation', 'api/v1/alert/list - Request END -- [<NUM>]']"
201,2,"['runtime - Request received for endpoint: [lcl/api/v1/alert/list]', 'api/v1/alert/list - generating output']"
202,2,"['runtime - Request received for endpoint: [lcl/api/v1/alert/list]', 'api/v1/alert/list - generating output', 'api/v1/alert/list - Request END -- [<NUM>]']"
203,2,"['runtime - Request received for endpoint: [lcl/api/v1/alert/list]', 'api/v1/alert/list - Request END -- [<NUM>]']"
204,2,"['runtime - Request received for endpoint: [lcl/api/v1/alert/list]', 'runtime - Request Not Supported']"
205,2,"['runtime - Request received for endpoint: [lcl/api/v1/alert/list]', 'runtime - Request Not Supported', 'runtime - Request END -- [<NUM>]']"
206,2,"['runtime - Request received for endpoint: [lcl/api/v1/alert/list]', 'runtime - Request END -- [<NUM>]']"
207,2,"['api/v1/alert/list - Request START -- [<NUM>.<NUM>.<NUM>.<NUM>][lcl/api/v1/alert/list][en_US][<NUM>]', 'api/v1/alert/list - Checking user authz']"
208,2,"['api/v1/alert/list - Request START -- [<NUM>.<NUM>.<NUM>.<NUM>][lcl/api/v1/alert/list][en_US][<NUM>]', 'api/v1/alert/list - Checking user authz', 'api/v1/alert/list - reading input - payload, query params and path vars']"
209,2,"['api/v1/alert/list - Request START -- [<NUM>.<NUM>.<NUM>.<NUM>][lcl/api/v1/alert/list][en_US][<NUM>]', 'api/v1/alert/list - Checking user authz', 'api/v1/alert/list - reading input - payload, query params and path vars', 'api/v1/alert/list - performing input validation']"
210,2,"['api/v1/alert/list - Request START -- [<NUM>.<NUM>.<NUM>.<NUM>][lcl/api/v1/alert/list][en_US][<NUM>]', 'api/v1/alert/list - Checking user authz', 'api/v1/alert/list - reading input - payload, query params and path vars', 'api/v1/alert/list - performing input validation', 'api/v1/alert/list - generating output', 'api/v1/alert/list - Request END -- [<NUM>]']"
211,2,"['api/v1/alert/list - Request START -- [<NUM>.<NUM>.<NUM>.<NUM>][lcl/api/v1/alert/list][en_US][<NUM>]', 'api/v1/alert/list - reading input - payload, query params and path vars']"
212,2,"['api/v1/alert/list - Request START -- [<NUM>.<NUM>.<NUM>.<NUM>][lcl/api/v1/alert/list][en_US][<NUM>]', 'api/v1/alert/list - Checking user authz', 'api/v1/alert/list - reading input - payload, query params and path vars', 'api/v1/alert/list - performing input validation', 'api/v1/alert/list - Request END -- [<NUM>]']"
213,2,"['api/v1/alert/list - Request START -- [<NUM>.<NUM>.<NUM>.<NUM>][lcl/api/v1/alert/list][en_US][<NUM>]', 'api/v1/alert/list - Checking user authz', 'api/v1/alert/list - reading input - payload, query params and path vars', 'api/v1/alert/list - generating output']"
214,2,"['api/v1/alert/list - Request START -- [<NUM>.<NUM>.<NUM>.<NUM>][lcl/api/v1/alert/list][en_US][<NUM>]', 'api/v1/alert/list - Checking user authz', 'api/v1/alert/list - reading input - payload, query params and path vars', 'api/v1/alert/list - generating output', 'api/v1/alert/list - Request END -- [<NUM>]']"
215,2,"['api/v1/alert/list - Request START -- [<NUM>.<NUM>.<NUM>.<NUM>][lcl/api/v1/alert/list][en_US][<NUM>]', 'api/v1/alert/list - Checking user authz', 'api/v1/alert/list - reading input - payload, query params and path vars', 'api/v1/alert/list - Request END -- [<NUM>]']"
216,2,"['api/v1/alert/list - Request START -- [<NUM>.<NUM>.<NUM>.<NUM>][lcl/api/v1/alert/list][en_US][<NUM>]', 'api/v1/alert/list - Checking user authz', 'api/v1/alert/list - performing input validation']"
217,2,"['api/v1/alert/list - Request START -- [<NUM>.<NUM>.<NUM>.<NUM>][lcl/api/v1/alert/list][en_US][<NUM>]', 'api/v1/alert/list - Checking user authz', 'api/v1/alert/list - performing input validation', 'api/v1/alert/list - generating output']"
218,2,"['api/v1/alert/list - Request START -- [<NUM>.<NUM>.<NUM>.<NUM>][lcl/api/v1/alert/list][en_US][<NUM>]', 'api/v1/alert/list - Checking user authz', 'api/v1/alert/list - performing input validation', 'api/v1/alert/list - generating output', 'api/v1/alert/list - Request END -- [<NUM>]']"
219,2,"['api/v1/alert/list - Request START -- [<NUM>.<NUM>.<NUM>.<NUM>][lcl/api/v1/alert/list][en_US][<NUM>]', 'api/v1/alert/list - Checking user authz', 'api/v1/alert/list - performing input validation', 'api/v1/alert/list - Request END -- [<NUM>]']"
220,2,"['api/v1/alert/list - Request START -- [<NUM>.<NUM>.<NUM>.<NUM>][lcl/api/v1/alert/list][en_US][<NUM>]', 'api/v1/alert/list - Checking user authz', 'api/v1/alert/list - generating output']"
221,2,"['api/v1/alert/list - Request START -- [<NUM>.<NUM>.<NUM>.<NUM>][lcl/api/v1/alert/list][en_US][<NUM>]', 'api/v1/alert/list - Checking user authz', 'api/v1/alert/list - generating output', 'api/v1/alert/list - Request END -- [<NUM>]']"
222,2,"['api/v1/alert/list - Request START -- [<NUM>.<NUM>.<NUM>.<NUM>][lcl/api/v1/alert/list][en_US][<NUM>]', 'api/v1/alert/list - Checking user authz', 'api/v1/alert/list - Request END -- [<NUM>]']"
223,2,"['com.obs.lcl.blmodule.helpers.InstaUptimeTask:<NUM> - with uptime_range as (', 'com.obs.lcl.blmodule.helpers.InstaUptimeTask:<NUM> - END - ConcurrentTask [<NUM>]']"
